<?xml version="1.0" encoding="UTF-8"?>
<tns:Configuration hierarchy="nl" description="Netherlands" xmlns:tns="http://www.example.org/Holiday" xmlns:xsi="http://www.w3.org/2001/XMLSchema-instance" xsi:schemaLocation="http://www.example.org/Holiday /Holiday.xsd">
  <tns:Holidays>
	  <tns:Fixed month="JANUARY" day="1" descriptionPropertiesKey="NEW_YEAR"/>
	  <tns:Fixed month="APRIL" day="27" validFrom="2014" descriptionPropertiesKey="KINGS_DAY">
		  <tns:MovingCondition substitute="SUNDAY" with="PREVIOUS" weekday="SATURDAY"/>
	  </tns:Fixed>
	  <tns:Fixed month="AUGUST" day="31" validFrom="1885" validTo="1947" descriptionPropertiesKey="QUEENS_BIRTHDAY"/>
	  <tns:Fixed month="APRIL" day="30" validFrom="1948" validTo="1979" descriptionPropertiesKey="QUEENS_BIRTHDAY">
	  	<tns:MovingCondition substitute="SUNDAY" with="NEXT" weekday="MONDAY"/>
	  </tns:Fixed>
	  <tns:Fixed month="APRIL" day="30" validFrom="1980" validTo="2013" descriptionPropertiesKey="QUEENS_BIRTHDAY">
	  	<tns:MovingCondition substitute="SUNDAY" with="PREVIOUS" weekday="SATURDAY"/>
	  </tns:Fixed>
	  <tns:Fixed month="MAY" day="5" validFrom="1990" descriptionPropertiesKey="LIBERATION"/>
	  <tns:Fixed month="DECEMBER" day="25" descriptionPropertiesKey="CHRISTMAS"/>
	  <tns:Fixed month="DECEMBER" day="26" descriptionPropertiesKey="CHRISTMAS"/>
	  <tns:ChristianHoliday type="EASTER" />
	  <tns:ChristianHoliday type="GOOD_FRIDAY" localizedType="UNOFFICIAL_HOLIDAY"/>
	  <tns:ChristianHoliday type="EASTER_MONDAY"/>
 	  <tns:ChristianHoliday type="ASCENSION_DAY"/>
 	  <tns:ChristianHoliday type="WHIT_SUNDAY" />
 	  <tns:ChristianHoliday type="WHIT_MONDAY" />
  </tns:Holidays>
</tns:Configuration>
