<?xml version="1.0" encoding="UTF-8"?>
<tns:Configuration hierarchy="sk" description="Slovakia"
	xmlns:tns="http://www.example.org/Holiday" xmlns:xsi="http://www.w3.org/2001/XMLSchema-instance"
	xsi:schemaLocation="http://www.example.org/Holiday /Holiday.xsd">
	<tns:Holidays>
		<tns:Fixed month="JANUARY" day="1" validFrom="1993" descriptionPropertiesKey="FOUNDATION"/>
		<tns:Fixed month="JANUARY" day="6" descriptionPropertiesKey="EPIPHANY"/>
		<tns:Fixed month="MAY" day="1" validFrom="1886" descriptionPropertiesKey="LABOUR_DAY"/>
		<tns:Fixed month="MAY" day="8" descriptionPropertiesKey="VICTORY"/>
		<tns:Fixed month="JULY" day="5" descriptionPropertiesKey="CYRUS_METHODIUS"/>
		<tns:Fixed month="AUGUST" day="29" descriptionPropertiesKey="NATIONAL_UPRISING"/>
		<tns:Fixed month="SEPTEMBER" day="1" descriptionPropertiesKey="CONSTITUTION_DAY"/>
		<tns:Fixed month="SEPTEMBER" day="15" descriptionPropertiesKey="VIRGIN_MARY"/>
		<tns:Fixed month="NOVEMBER" day="1" descriptionPropertiesKey="ALL_SAINTS" />
		<tns:Fixed month="NOVEMBER" day="17" descriptionPropertiesKey="FREEDOM_DEMOCRACY"/>
		<tns:Fixed month="DECEMBER" day="24" descriptionPropertiesKey="CHRISTMAS_EVE"/>
		<tns:Fixed month="DECEMBER" day="25" descriptionPropertiesKey="CHRISTMAS"/>
		<tns:Fixed month="DECEMBER" day="26" descriptionPropertiesKey="STEPHENS"/>
		<tns:ChristianHoliday type="EASTER" />
		<tns:ChristianHoliday type="GOOD_FRIDAY" />
		<tns:ChristianHoliday type="EASTER_MONDAY" />
	</tns:Holidays>
</tns:Configuration>
