<?xml version="1.0" encoding="UTF-8"?>
<tns:Configuration hierarchy="gr" description="Greece"
	xmlns:tns="http://www.example.org/Holiday" xmlns:xsi="http://www.w3.org/2001/XMLSchema-instance"
	xsi:schemaLocation="http://www.example.org/Holiday /Holiday.xsd">
	<tns:Holidays>
		<tns:Fixed month="JANUARY" day="1" descriptionPropertiesKey="NEW_YEAR"/>
		<tns:Fixed month="JANUARY" day="6" descriptionPropertiesKey="THEOPHANY"/>
		<tns:Fixed month="JANUARY" day="30" descriptionPropertiesKey="THREE_HIERARCHS"/>
		<tns:Fixed month="MARCH" day="25" descriptionPropertiesKey="ANNUNCIATION"/>
		<tns:Fixed month="MAY" day="1" descriptionPropertiesKey="LABOUR_DAY"/>
		<tns:Fixed month="AUGUST" day="15" descriptionPropertiesKey="ASSUMPTION_DAY"/>
		<tns:Fixed month="OCTOBER" day="28" descriptionPropertiesKey="OCHI"/>
		<tns:Fixed month="DECEMBER" day="25" descriptionPropertiesKey="CHRSITMAS"/>
		<tns:Fixed month="DECEMBER" day="26" descriptionPropertiesKey="STEPHENS"/>
		<tns:ChristianHoliday type="EASTER" chronology="JULIAN"/>
		<tns:ChristianHoliday type="CLEAN_MONDAY"
			chronology="JULIAN" />
		<tns:ChristianHoliday type="GOOD_FRIDAY"
			chronology="JULIAN" />
		<tns:ChristianHoliday type="EASTER_MONDAY"
			chronology="JULIAN" />
		<tns:ChristianHoliday type="WHIT_MONDAY"
			chronology="JULIAN" />
	</tns:Holidays>
</tns:Configuration>
