<?xml version="1.0" encoding="UTF-8"?>
<tns:Configuration hierarchy="me" description="Montenegro"
	xmlns:tns="http://www.example.org/Holiday" xmlns:xsi="http://www.w3.org/2001/XMLSchema-instance"
	xsi:schemaLocation="http://www.example.org/Holiday /Holiday.xsd">
	<tns:Holidays>
		<tns:Fixed month="JANUARY" day="1" descriptionPropertiesKey="NEW_YEAR"/>
		<tns:Fixed month="JANUARY" day="6" descriptionPropertiesKey="CHRISTMAS_EVE"/>
		<tns:Fixed month="JANUARY" day="7" descriptionPropertiesKey="CHRISTMAS"/>
		<tns:Fixed month="MAY" day="1" descriptionPropertiesKey="LABOUR_DAY"/>
		<tns:Fixed month="MAY" day="21" descriptionPropertiesKey="INDEPENDENCE_DAY"/>
		<tns:Fixed month="JULY" day="13" descriptionPropertiesKey="STATEHOOD"/>
		<tns:ChristianHoliday type="EASTER" chronology="JULIAN"/>
		<tns:ChristianHoliday type="GOOD_FRIDAY" chronology="JULIAN" />
		<tns:ChristianHoliday type="EASTER_MONDAY" chronology="JULIAN" />
	</tns:Holidays>
</tns:Configuration>
