<?xml version="1.0" encoding="UTF-8"?>
<tns:Configuration hierarchy="mk" description="Macedonia"
	xmlns:tns="http://www.example.org/Holiday" xmlns:xsi="http://www.w3.org/2001/XMLSchema-instance"
	xsi:schemaLocation="http://www.example.org/Holiday /Holiday.xsd">
	<tns:Holidays>
		<tns:Fixed month="JANUARY" day="1" descriptionPropertiesKey="NEW_YEAR"/>
		<tns:Fixed month="JANUARY" day="2" descriptionPropertiesKey="NEW_YEAR"/>
		<tns:Fixed month="JANUARY" day="7" descriptionPropertiesKey="CHRISTMAS"/>
		<tns:Fixed month="MAY" day="1" descriptionPropertiesKey="LABOUR_DAY"/>
		<tns:Fixed month="MAY" day="24" descriptionPropertiesKey="CYRUS_METHODIUS"/>
		<tns:Fixed month="AUGUST" day="2" descriptionPropertiesKey="REPUBLIC_DAY"/>
		<tns:Fixed month="SEPTEMBER" day="8" descriptionPropertiesKey="INDEPENDENCE_DAY"/>
		<tns:Fixed month="OCTOBER" day="11" descriptionPropertiesKey="REVOLUTION"/>
		<tns:Fixed month="OCTOBER" day="23" descriptionPropertiesKey="NATIONAL_DAY"/>
		<tns:Fixed month="DECEMBER" day="8" descriptionPropertiesKey="SAINT_CLEMENT"/>
		<tns:ChristianHoliday type="EASTER" chronology="JULIAN"/>
		<tns:ChristianHoliday type="GOOD_FRIDAY" chronology="JULIAN" />
		<tns:ChristianHoliday type="EASTER_MONDAY" chronology="JULIAN" />
		<tns:IslamicHoliday type="ID_AL_FITR"/>
	</tns:Holidays>
</tns:Configuration>
