<?xml version="1.0" encoding="UTF-8"?>
<tns:Configuration hierarchy="cl" description="Chile"
	xmlns:tns="http://www.example.org/Holiday" xmlns:xsi="http://www.w3.org/2001/XMLSchema-instance"
	xsi:schemaLocation="http://www.example.org/Holiday /Holiday.xsd">
	<tns:Holidays>
		<tns:Fixed month="JANUARY" day="1" descriptionPropertiesKey="NEW_YEAR"/>
		<tns:Fixed month="JANUARY" day="17" validFrom="2010" validTo="2010" descriptionPropertiesKey="ELECTION_DAY"/>
		<tns:Fixed month="MAY" day="1" descriptionPropertiesKey="LABOUR_DAY"/>
		<tns:Fixed month="MAY" day="21" descriptionPropertiesKey="NAVY_DAY"/>
		<tns:Fixed month="JUNE" day="28" descriptionPropertiesKey="ST_PETER_PAUL"/>
		<tns:Fixed month="JULY" day="16" validFrom="2007" descriptionPropertiesKey="VIRGIN_CARMEN"/>
		<tns:Fixed month="AUGUST" day="15" descriptionPropertiesKey="ASSUMPTION_MARY"/>
		<tns:Fixed month="SEPTEMBER" day="18" descriptionPropertiesKey="NATIONAL_DAY"/>
		<tns:Fixed month="SEPTEMBER" day="19" descriptionPropertiesKey="ARMY_DAY"/>
		<tns:Fixed month="OCTOBER" day="11" descriptionPropertiesKey="COLUMBUS_DAY"/>
		<tns:Fixed month="OCTOBER" day="31" validFrom="2008" descriptionPropertiesKey="REFORMATION_DAY"/>
		<tns:Fixed month="NOVEMBER" day="1" descriptionPropertiesKey="ALL_SAINTS"/>
		<tns:Fixed month="DECEMBER" day="8" descriptionPropertiesKey="IMMACULATE_CONCEPTION"/>
		<tns:Fixed month="DECEMBER" day="25" descriptionPropertiesKey="CHRISTMAS"/>
		<tns:Fixed month="DECEMBER" day="31" descriptionPropertiesKey="NEW_YEARS_EVE"/>
		<tns:ChristianHoliday type="EASTER" />
		<tns:ChristianHoliday type="GOOD_FRIDAY" />
		<tns:ChristianHoliday type="EASTER_SATURDAY" />
		<tns:ChristianHoliday type="CORPUS_CHRISTI"	validTo="2006" />
	</tns:Holidays>
</tns:Configuration>
