<?xml version="1.0" encoding="UTF-8"?>
<tns:Configuration hierarchy="ie" description="Ireland"
	xmlns:tns="http://www.example.org/Holiday" xmlns:xsi="http://www.w3.org/2001/XMLSchema-instance"
	xsi:schemaLocation="http://www.example.org/Holiday /Holiday.xsd">
	<tns:Holidays>
		<tns:Fixed month="JANUARY" day="1" descriptionPropertiesKey="NEW_YEAR"/>
		<tns:Fixed month="MARCH" day="17" descriptionPropertiesKey="ST_PATRICK"/>
		<tns:Fixed month="DECEMBER" day="25" descriptionPropertiesKey="CHRISTMAS"/>
		<tns:Fixed month="DECEMBER" day="26" descriptionPropertiesKey="STEPHENS"/>
		<tns:FixedWeekday which="FIRST" weekday="MONDAY" month="MAY" descriptionPropertiesKey="LABOUR_DAY"/>
		<tns:FixedWeekday which="FIRST" weekday="MONDAY" month="JUNE" descriptionPropertiesKey="BANK_HOLIDAY"/>
		<tns:FixedWeekday which="FIRST" weekday="MONDAY" month="AUGUST" descriptionPropertiesKey="BANK_HOLIDAY"/>
		<tns:FixedWeekday which="LAST" weekday="MONDAY" month="OCTOBER" descriptionPropertiesKey="BANK_HOLIDAY"/>
		<tns:ChristianHoliday type="EASTER" />
		<tns:ChristianHoliday type="EASTER_MONDAY"/>
	</tns:Holidays>
</tns:Configuration>
