<?xml version="1.0" encoding="UTF-8"?>
<tns:Configuration hierarchy="cr" description="Costa Rica"
	xmlns:tns="http://www.example.org/Holiday" xmlns:xsi="http://www.w3.org/2001/XMLSchema-instance"
	xsi:schemaLocation="http://www.example.org/Holiday /Holiday.xsd">
	<tns:Holidays>
		<tns:Fixed month="JANUARY" day="1" descriptionPropertiesKey="NEW_YEAR"/>
		<tns:Fixed month="APRIL" day="11" descriptionPropertiesKey="JUAN_SANTAMARIA"/>
		<tns:Fixed month="MAY" day="1" descriptionPropertiesKey="LABOUR_DAY"/>
		<tns:Fixed month="JULY" day="25" descriptionPropertiesKey="GUANACASTE"/>
		<tns:Fixed month="AUGUST" day="15" descriptionPropertiesKey="ASSUMPTION_DAY"/>
		<tns:Fixed month="SEPTEMBER" day="15" descriptionPropertiesKey="INDEPENDENCE_DAY"/>
		<tns:Fixed month="DECEMBER" day="25" descriptionPropertiesKey="CHRISTMAS"/>
		<tns:ChristianHoliday type="EASTER" />
		<tns:ChristianHoliday type="GOOD_FRIDAY"/>
		<tns:ChristianHoliday type="EASTER_MONDAY"/>
	</tns:Holidays>
</tns:Configuration>
