<?xml version="1.0" encoding="UTF-8"?>
<tns:Configuration hierarchy="lt" description="Lithuania"
	xmlns:tns="http://www.example.org/Holiday" xmlns:xsi="http://www.w3.org/2001/XMLSchema-instance"
	xsi:schemaLocation="http://www.example.org/Holiday /Holiday.xsd">
	<tns:Holidays>
		<tns:Fixed month="JANUARY" day="1" descriptionPropertiesKey="NEW_YEAR"/>
		<tns:Fixed month="FEBRUARY" day="16" descriptionPropertiesKey="UNIFICATION"/>
		<tns:Fixed month="MARCH" day="11" descriptionPropertiesKey="INDEPENDENCE"/>
		<tns:Fixed month="MAY" day="1" descriptionPropertiesKey="LABOUR_DAY"/>
		<tns:Fixed month="JUNE" day="24" descriptionPropertiesKey="JOHANNIS_DAY"/>
		<tns:Fixed month="JULY" day="6" descriptionPropertiesKey="STATEHOOD"/>
		<tns:Fixed month="AUGUST" day="15" descriptionPropertiesKey="ASSUMPTION_DAY"/>
		<tns:Fixed month="NOVEMBER" day="1" descriptionPropertiesKey="ALL_SAINTS"/>
		<tns:Fixed month="DECEMBER" day="25" descriptionPropertiesKey="CHRISTMAS_EVE"/>
		<tns:Fixed month="DECEMBER" day="26" descriptionPropertiesKey="CHRISTMAS"/>
		<tns:ChristianHoliday type="EASTER" />
		<tns:ChristianHoliday type="EASTER_MONDAY" />
	</tns:Holidays>
</tns:Configuration>
