<?xml version="1.0" encoding="UTF-8"?>
<tns:Configuration hierarchy="et" description="Ethiopia"
	xmlns:tns="http://www.example.org/Holiday" xmlns:xsi="http://www.w3.org/2001/XMLSchema-instance"
	xsi:schemaLocation="http://www.example.org/Holiday /Holiday.xsd">
	<tns:Holidays>
		<tns:Fixed month="JANUARY" day="1" descriptionPropertiesKey="NEW_YEAR"/>
		<tns:Fixed month="JANUARY" day="7" descriptionPropertiesKey="CHRISTMAS"/>
		<tns:Fixed month="MARCH" day="2" descriptionPropertiesKey="VICTORY_ADWA"/>
		<tns:Fixed month="MAY" day="1" descriptionPropertiesKey="LABOUR_DAY"/>
		<tns:Fixed month="MAY" day="5" descriptionPropertiesKey="VICTORY"/>
		<tns:Fixed month="MAY" day="28" descriptionPropertiesKey="NATIONAL_DAY"/>
		<tns:ChristianHoliday type="EASTER" chronology="JULIAN"/>
		<tns:ChristianHoliday type="GOOD_FRIDAY" chronology="JULIAN" />
		<tns:IslamicHoliday type="RAMADAN"/>
		<tns:IslamicHoliday type="MAWLID_AN_NABI"/>
		<tns:IslamicHoliday type="ID_AL_FITR"/>
		<tns:IslamicHoliday type="ID_UL_ADHA"/>
		<tns:EthiopianOrthodoxHoliday type="TIMKAT"/>
		<tns:EthiopianOrthodoxHoliday type="ENKUTATASH"/>
		<tns:EthiopianOrthodoxHoliday type="MESKEL"/>
	</tns:Holidays>
</tns:Configuration>
