<?xml version="1.0" encoding="UTF-8"?>
<tns:Configuration hierarchy="li" description="Liechtenstein"
	xmlns:tns="http://www.example.org/Holiday" xmlns:xsi="http://www.w3.org/2001/XMLSchema-instance"
	xsi:schemaLocation="http://www.example.org/Holiday /Holiday.xsd">
	<tns:Holidays>
		<tns:Fixed month="JANUARY" day="1" descriptionPropertiesKey="NEW_YEAR"/>
		<tns:Fixed month="JANUARY" day="6" descriptionPropertiesKey="EPIPHANY"/>
		<tns:Fixed month="FEBRUARY" day="2" descriptionPropertiesKey="CANDLEMAS"/>
		<tns:Fixed month="MARCH" day="19" descriptionPropertiesKey="ST_JOSEPH"/>
		<tns:Fixed month="MAY" day="1" descriptionPropertiesKey="MAY_DAY"/>
		<tns:Fixed month="AUGUST" day="15" descriptionPropertiesKey="ASSUMPTION_DAY"/>
		<tns:Fixed month="SEPTEMBER" day="8" descriptionPropertiesKey="NATIVITY_LADY"/>
		<tns:Fixed month="NOVEMBER" day="1" descriptionPropertiesKey="ALL_SAINTS"/>
		<tns:Fixed month="DECEMBER" day="8" descriptionPropertiesKey="IMMACULATE_CONCEPTION"/>
		<tns:Fixed month="DECEMBER" day="24" descriptionPropertiesKey="CHRISTMAS_EVE"/>
		<tns:Fixed month="DECEMBER" day="25" descriptionPropertiesKey="CHRISTMAS"/>
		<tns:Fixed month="DECEMBER" day="26" descriptionPropertiesKey="STEPHENS"/>
		<tns:ChristianHoliday type="EASTER" />
		<tns:ChristianHoliday type="EASTER_MONDAY" />
		<tns:ChristianHoliday type="ASCENSION_DAY" />
		<tns:ChristianHoliday type="WHIT_MONDAY" />
		<tns:ChristianHoliday type="CORPUS_CHRISTI" />
	</tns:Holidays>
</tns:Configuration>
