<?xml version="1.0" encoding="UTF-8"?>
<tns:Configuration hierarchy="at" description="Austria"
	xmlns:tns="http://www.example.org/Holiday" xmlns:xsi="http://www.w3.org/2001/XMLSchema-instance"
	xsi:schemaLocation="http://www.example.org/Holiday /Holiday.xsd">
	<tns:Holidays>
		<tns:Fixed month="JANUARY" day="1" descriptionPropertiesKey="NEW_YEAR"/>
		<tns:Fixed month="JANUARY" day="6" descriptionPropertiesKey="EPIPHANY"/>
		<tns:Fixed month="MAY" day="1" descriptionPropertiesKey="LABOUR_DAY"/>
		<tns:Fixed month="AUGUST" day="15" descriptionPropertiesKey="ASSUMPTION_DAY"/>
		<tns:Fixed month="OCTOBER" day="26" descriptionPropertiesKey="NATIONAL_DAY"/>
		<tns:Fixed month="NOVEMBER" day="1" descriptionPropertiesKey="ALL_SAINTS"/>
		<tns:Fixed month="DECEMBER" day="8" descriptionPropertiesKey="IMMACULATE_CONCEPTION"/>
		<tns:Fixed month="DECEMBER" day="24" descriptionPropertiesKey="CHRISTMAS_EVE" localizedType="UNOFFICIAL_HOLIDAY"/>
		<tns:Fixed month="DECEMBER" day="25" descriptionPropertiesKey="CHRISTMAS"/>
		<tns:Fixed month="DECEMBER" day="26" descriptionPropertiesKey="STEPHENS"/>
		<tns:Fixed month="DECEMBER" day="31" descriptionPropertiesKey="NEW_YEARS_EVE" localizedType="UNOFFICIAL_HOLIDAY"/>
		<tns:ChristianHoliday type="EASTER" />
		<tns:ChristianHoliday type="EASTER_MONDAY" />
		<tns:ChristianHoliday type="ASCENSION_DAY" />
		<tns:ChristianHoliday type="WHIT_MONDAY" />
		<tns:ChristianHoliday type="CORPUS_CHRISTI" />
	</tns:Holidays>
	<tns:SubConfigurations hierarchy="b" description="Burgenland">
		<tns:Holidays>
			<tns:Fixed month="NOVEMBER" day="11" descriptionPropertiesKey="MARTINS_DAY"/>
		</tns:Holidays>
	</tns:SubConfigurations>
	<tns:SubConfigurations hierarchy="k" description="Kärnten">
		<tns:Holidays>
			<tns:Fixed month="MARCH" day="19" descriptionPropertiesKey="JOSEFS_DAY"/>
			<tns:Fixed month="OCTOBER" day="10" descriptionPropertiesKey="PLEBISCITE"/>
		</tns:Holidays>
	</tns:SubConfigurations>
	<tns:SubConfigurations hierarchy="la" description="Niederösterreich">
		<tns:Holidays>
			<tns:Fixed month="NOVEMBER" day="15" descriptionPropertiesKey="LEOPOLD"/>
		</tns:Holidays>
	</tns:SubConfigurations>
	<tns:SubConfigurations hierarchy="ua" description="Oberösterreich">
		<tns:Holidays>
			<tns:Fixed month="MAY" day="4" descriptionPropertiesKey="FLORIAN"/>
		</tns:Holidays>
	</tns:SubConfigurations>
	<tns:SubConfigurations hierarchy="s" description="Salzburg">
		<tns:Holidays>
			<tns:Fixed month="SEPTEMBER" day="24" descriptionPropertiesKey="RUPERT"/>
		</tns:Holidays>
	</tns:SubConfigurations>
	<tns:SubConfigurations hierarchy="st" description="Steiermark">
		<tns:Holidays>
			<tns:Fixed month="MARCH" day="19" descriptionPropertiesKey="JOSEFS_DAY"/>
		</tns:Holidays>
	</tns:SubConfigurations>
	<tns:SubConfigurations hierarchy="t" description="Tirol">
		<tns:Holidays>
			<tns:Fixed month="MARCH" day="19" descriptionPropertiesKey="JOSEFS_DAY"/>
		</tns:Holidays>
	</tns:SubConfigurations>
	<tns:SubConfigurations hierarchy="va" description="Vorarlberg">
		<tns:Holidays>
			<tns:Fixed month="MARCH" day="19" descriptionPropertiesKey="JOSEFS_DAY"/>
		</tns:Holidays>
	</tns:SubConfigurations>
	<tns:SubConfigurations hierarchy="w" description="Wien">
		<tns:Holidays>
			<tns:Fixed month="NOVEMBER" day="15" descriptionPropertiesKey="LEOPOLD"/>
		</tns:Holidays>
	</tns:SubConfigurations>
</tns:Configuration>
