<?xml version="1.0" encoding="UTF-8"?>
<tns:Configuration hierarchy="no" description="Norway"
	xmlns:tns="http://www.example.org/Holiday" xmlns:xsi="http://www.w3.org/2001/XMLSchema-instance"
	xsi:schemaLocation="http://www.example.org/Holiday /Holiday.xsd">
	<tns:Holidays>
		<tns:Fixed month="JANUARY" day="1" descriptionPropertiesKey="NEW_YEAR"/>
		<tns:Fixed month="MAY" day="1" descriptionPropertiesKey="LABOUR_DAY"/>
		<tns:Fixed month="MAY" day="17" descriptionPropertiesKey="CONSTITUTION_DAY"/>
		<tns:Fixed month="DECEMBER" day="25" descriptionPropertiesKey="CHRISTMAS"/>
		<tns:Fixed month="DECEMBER" day="26" descriptionPropertiesKey="STEPHENS"/>
		<tns:ChristianHoliday type="EASTER" />
		<tns:ChristianHoliday type="MAUNDY_THURSDAY" />
		<tns:ChristianHoliday type="GOOD_FRIDAY" />
		<tns:ChristianHoliday type="EASTER_MONDAY" />
		<tns:ChristianHoliday type="ASCENSION_DAY" />
		<tns:ChristianHoliday type="WHIT_MONDAY" />
		<tns:ChristianHoliday type="PENTECOST" />
	</tns:Holidays>
</tns:Configuration>
