<?xml version="1.0" encoding="UTF-8"?>
<tns:Configuration hierarchy="md" description="Moldova"
	xmlns:tns="http://www.example.org/Holiday" xmlns:xsi="http://www.w3.org/2001/XMLSchema-instance"
	xsi:schemaLocation="http://www.example.org/Holiday /Holiday.xsd">
	<tns:Holidays>
		<tns:Fixed month="JANUARY" day="1" descriptionPropertiesKey="NEW_YEAR"/>
		<tns:Fixed month="JANUARY" day="7" descriptionPropertiesKey="CHRISTMAS_EVE"/>
		<tns:Fixed month="JANUARY" day="8" descriptionPropertiesKey="CHRISTMAS"/>
		<tns:Fixed month="MAY" day="1" descriptionPropertiesKey="LABOUR_DAY"/>
		<tns:Fixed month="MAY" day="9" descriptionPropertiesKey="VICTORY"/>
		<tns:Fixed month="AUGUST" day="27" descriptionPropertiesKey="INDEPENDENCE_DAY"/>
		<tns:Fixed month="AUGUST" day="31" descriptionPropertiesKey="LANGUAGE_DAY"/>
		<tns:ChristianHoliday type="EASTER" chronology="JULIAN" />
		<tns:ChristianHoliday type="EASTER_MONDAY" chronology="JULIAN" />
	</tns:Holidays>
	<tns:SubConfigurations hierarchy="bti" description="Balti">
		<tns:Holidays>
			<tns:Fixed month="MAY" day="22" descriptionPropertiesKey="REGIONAL"/>
		</tns:Holidays>
	</tns:SubConfigurations>
</tns:Configuration>
