<?xml version="1.0" encoding="UTF-8"?>
<tns:Configuration hierarchy="ro" description="Romania"
	xmlns:tns="http://www.example.org/Holiday" xmlns:xsi="http://www.w3.org/2001/XMLSchema-instance"
	xsi:schemaLocation="http://www.example.org/Holiday /Holiday.xsd">
	<tns:Holidays>
		<tns:Fixed month="JANUARY" day="1" descriptionPropertiesKey="NEW_YEAR"/>
		<tns:Fixed month="JANUARY" day="2" descriptionPropertiesKey="NEW_YEAR"/>
		<tns:Fixed month="JANUARY" day="24" validFrom="2017" descriptionPropertiesKey="UNIFICATION"/>
		<tns:Fixed month="MAY" day="1" descriptionPropertiesKey="LABOUR_DAY"/>
		<tns:Fixed month="AUGUST" day="15" descriptionPropertiesKey="NAVY_DAY"/>
		<tns:Fixed month="NOVEMBER" day="30" descriptionPropertiesKey="ST_ANDREW"/>
		<tns:Fixed month="DECEMBER" day="1" descriptionPropertiesKey="NATIONAL_DAY"/>
		<tns:Fixed month="DECEMBER" day="25" descriptionPropertiesKey="CHRISTMAS"/>
		<tns:Fixed month="DECEMBER" day="26" descriptionPropertiesKey="CHRISTMAS"/>
		<tns:ChristianHoliday type="EASTER" chronology="JULIAN"/>
		<tns:ChristianHoliday type="EASTER_MONDAY" chronology="JULIAN"/>
		<tns:ChristianHoliday type="PENTECOST" chronology="JULIAN" />
		<tns:ChristianHoliday type="WHIT_MONDAY" chronology="JULIAN" />
	</tns:Holidays>
</tns:Configuration>
